id	domain	difficulty	operation	environment	title	scenario	success
DEVOPS-001	linux	foundation	repair	Debian VM with systemd	Recover a boot-looping API service	A systemd unit repeatedly starts before its generated environment file exists and hits the start limit after reboot. Preserve its sandboxing and make startup deterministic.	After two cold boots the API is healthy within 30 seconds; ordering is explicit; restart storms stop; hardening properties are unchanged.
DEVOPS-002	linux	intermediate	diagnose	Ubuntu VM with cgroup v2	Explain a memory kill with free RAM	A Java worker is killed every afternoon although host metrics show free memory. Find the controlling limit and leave a concise evidence-backed diagnosis without raising it.	The report identifies the exact cgroup and OOM evidence; includes the effective limit and peak; changes no runtime state; a hidden sibling cgroup is not blamed.
DEVOPS-003	linux	intermediate	repair	Rocky Linux VM with SELinux	Restore uploads without disabling SELinux	A new mounted upload volume returns permission denied only through the web service. DAC permissions look correct and an operator suggests setenforce 0.	Uploads and reads work after reboot; the mount has a persistent correct label; enforcing mode remains enabled; unrelated labels are unchanged.
DEVOPS-004	linux	advanced	recover	Linux VM with LVM and ext4	Extend a full filesystem online	The application volume is full while its volume group has free extents. The service cannot be stopped and a second similarly named volume must not be touched.	The intended filesystem and LV grow by the requested amount online; existing checksums match; the sibling LV is unchanged; the service remains available.
DEVOPS-005	linux	advanced	recover	Linux VM with mdadm RAID10	Replace a failed RAID member safely	One synthetic disk in a degraded RAID10 has failed and its replacement contains a stale signature. Restore redundancy without losing writes made during rebuild.	The array becomes clean with the replacement member; canary writes survive; stale metadata is removed only from the replacement; boot assembly remains valid.
DEVOPS-006	linux	foundation	repair	Alpine VM with OpenRC	Fix log rotation that fills root	A chatty daemon writes a large log because rotation silently fails after a package migration. Configure bounded retention without interrupting the daemon.	Forced and scheduled rotations succeed; the daemon reopens its log; retention and compression match policy; root usage stabilizes; no log gap exceeds tolerance.
DEVOPS-007	linux	intermediate	build	Debian VM with apt	Create a reproducible internal package	A shell-installed utility must become a signed Debian package with configuration preserved across upgrades and a pinned dependency.	Two builds produce equivalent package payloads; signature verifies; install and upgrade pass; edited config survives upgrade; dependency is exact.
DEVOPS-008	linux	advanced	optimize	NUMA Linux VM	Remove a NUMA latency regression	A pinned packet-processing service lost throughput after a CPU topology change. Diagnose affinity and memory placement while retaining its CPU budget.	P99 falls below the threshold under replay; CPU quota is unchanged; placement matches the active NIC NUMA node; restart preserves the setting.
DEVOPS-009	linux	intermediate	repair	Linux VM with cron and systemd timers	Make a backup schedule timezone-safe	A legacy cron job runs twice during daylight-saving fallback and overlaps with itself. Replace it with an observable non-overlapping schedule.	Exactly one run occurs for the simulated date; concurrent execution is prevented; missed-run behavior is defined; logs expose success and failure.
DEVOPS-010	linux	expert	respond	Linux VM with eBPF tooling	Contain a fork and file-descriptor storm	A service intermittently spawns children and leaks sockets until the host becomes unstable. Stabilize it and capture enough evidence for later debugging.	The host remains responsive under recurrence; the service has justified process and FD limits; evidence identifies the spawning path; healthy throughput stays above target.
DEVOPS-011	network	foundation	repair	Linux network namespaces	Restore asymmetric routing	A dual-homed service accepts requests on one interface but replies through the other and is dropped upstream. Repair policy routing without changing the default route for maintenance traffic.	Connections through both ingress paths complete; replies use their ingress uplink; maintenance traffic retains its route; rules persist after namespace restart.
DEVOPS-012	network	intermediate	diagnose	CoreDNS and Unbound lab	Find intermittent DNS SERVFAIL	Only large signed DNS answers fail through one resolver path. Packet captures and resolver metrics are available among noisy logs.	The diagnosis proves the transport and size-related cause; identifies the failing hop; proposes a bounded fix; makes no speculative production change.
DEVOPS-013	network	intermediate	repair	BIND authoritative DNS	Perform a safe DNSSEC key rollover	A zone has a prepublished successor key but automation stalled before rollover. Complete the sequence without producing an unsigned or bogus validation window.	The zone validates throughout simulated resolver polling; old and new signatures overlap correctly; serials increase; obsolete private material is retired safely.
DEVOPS-014	network	foundation	repair	Nginx and step-ca	Repair an incomplete TLS chain	Browsers with an empty intermediate cache reject one virtual host while local curl succeeds. Fix the served chain without changing its leaf key.	Independent TLS validation succeeds with only the root trusted; leaf fingerprint is unchanged; chain order is correct; OCSP stapling remains healthy.
DEVOPS-015	network	advanced	build	HAProxy and three backend namespaces	Configure resilient weighted load balancing	Two stable backends and one canary need weighted traffic with active health checks and connection draining during removal.	Observed distribution matches tolerance; failed nodes receive no new requests; in-flight requests drain; recovery reintroduces capacity; admin endpoints are private.
DEVOPS-016	network	advanced	repair	FRRouting BGP lab	Stop a route leak with policy	A new peer receives internal prefixes and advertises an accidental default. Correct import and export policy while preserving approved customer routes.	Forbidden prefixes never cross the boundary; the accidental default is rejected; approved routes converge; max-prefix and explicit deny safeguards exist.
DEVOPS-017	network	intermediate	build	WireGuard namespace lab	Add a least-route site VPN	Connect two overlapping private networks for one application subnet through translated addresses. Do not route general Internet traffic through the tunnel.	Only declared application flows cross the encrypted tunnel; overlap translation is stable; Internet routes stay local; restart restores peers and rules.
DEVOPS-018	network	advanced	repair	Envoy proxy lab	Fix HTTP/2 gRPC retries safely	Transient upstream resets break reads while naive retries duplicate writes. Configure protocol-aware retry and timeout behavior for the two RPC classes.	Idempotent reads recover within budget; writes execute at most once; gRPC status mapping is correct; retry storms are capped; metrics distinguish outcomes.
DEVOPS-019	network	intermediate	repair	Linux bridge with nftables	Isolate tenants without breaking DHCP	Two tenant bridges can reach each other after an iptables-to-nftables migration. Restore isolation while keeping DHCP DNS and outbound NAT.	Cross-tenant probes fail; allowed infrastructure and egress flows pass; established connections behave as specified; one atomic persistent ruleset owns policy.
DEVOPS-020	network	expert	respond	Anycast service with FRR and HAProxy	Drain an unhealthy anycast site	One site returns corrupt responses but its routing session is healthy. Withdraw traffic based on application health without causing route flaps or overloading the other site.	Bad responses cease within the objective; withdrawal is damped; the healthy site remains below capacity; recovery requires a stable health window; timeline is recorded.
DEVOPS-021	containers	foundation	repair	Docker Engine	Make a container survive read-only root	A service must run with a read-only root filesystem but currently writes cache PID and temporary files into image paths.	The service passes tests with read-only root; only declared tmpfs or volumes are writable; it runs non-root; restart preserves only intended state.
DEVOPS-022	containers	intermediate	optimize	BuildKit	Shrink and accelerate a Go image build	A 1.4 GB Go image includes compilers source and credentials and invalidates dependencies on every edit.	The runtime image is below the limit; no build secret or compiler remains; dependency caching works; binary and CA behavior pass on two architectures.
DEVOPS-023	containers	advanced	build	BuildKit and QEMU	Publish a deterministic multi-architecture image	Build amd64 and arm64 variants from one source with matching labels and an OCI index while avoiding emulation for tests that can run natively.	Both variants pass native smoke tests; index resolves correctly; provenance names the same source commit; rebuild manifests are reproducible within defined fields.
DEVOPS-024	containers	intermediate	repair	Docker Compose	Repair startup and graceful shutdown	A Compose stack relies on start order instead of readiness and loses queued jobs when stopped. Correct health gating and termination semantics.	Cold start succeeds under delayed database readiness; shutdown drains accepted jobs inside the grace period; no fixed sleeps are used; restart policy avoids loops.
DEVOPS-025	containers	advanced	respond	containerd and Linux namespaces	Investigate a container escape alert	A canary container touched a host-visible path. Determine the misconfiguration and contain it while preserving forensic artifacts.	The exploit path is blocked; evidence hashes and timeline are retained; unrelated workloads continue; privileged and mount capabilities are minimized; canary replay fails.
DEVOPS-026	containers	foundation	review	OCI image archive	Audit an image for secret and license risk	An image proposed for release has layered filesystem history an SBOM and package metadata. Produce a release decision and remediation list.	The report finds secrets including deleted-layer content; identifies policy-disallowed licenses and critical packages; contains no secret values; gives verifiable locations.
DEVOPS-027	containers	advanced	repair	Rootless Podman	Migrate a privileged service to rootless	A system container binds a low port and writes a named volume as root. Move it to a user service without changing its public endpoint or data ownership semantics.	The endpoint and data survive reboot; no root daemon or privileged container is used; subordinate IDs are correct; backup tooling can still read consistent snapshots.
DEVOPS-028	containers	intermediate	build	OCI registry with cosign	Enforce signed image promotion	Only CI-built images from the release workflow may enter the production repository. Tags are mutable and developer keys must not be trusted.	Valid keyless attestations promote by digest; unsigned replayed or wrong-workflow images fail; production references are immutable; decisions are auditable.
DEVOPS-029	containers	advanced	recover	Private OCI registry	Recover registry garbage collection	An interrupted garbage collection left orphan blobs and one manifest temporarily unreadable. Restore consistency and reclaim only unreachable content.	All referenced manifests and layers pull with original digests; orphan bytes are reclaimed; uploads resume; a second GC is safe; recovery steps are documented.
DEVOPS-030	containers	expert	optimize	containerd with GPU runtime	Stop GPU workload interference	Two inference containers contend for GPUs because device exposure and runtime classes drifted. Isolate allocations and retain health during rolling replacement.	Each workload sees only assigned devices; utilization and latency meet limits; runtime configuration survives restart; a rolling update never double-allocates a device.
DEVOPS-031	kubernetes	foundation	repair	kind cluster	Repair a CrashLooping web deployment	A deployment fails after a ConfigMap key rename and its liveness probe masks the original error. Restore service without weakening health checks.	All replicas become ready; correct configuration is mounted; probes reflect actual health; rollout history is useful; unrelated ConfigMap keys remain intact.
DEVOPS-032	kubernetes	intermediate	repair	kind cluster with NetworkPolicy	Restore DNS under default deny	A namespace default-deny rollout isolated workloads as intended but also broke name resolution and one required outbound API.	Pods resolve cluster names and reach only the approved API; arbitrary egress and peer namespaces remain blocked; policy selects intended pods only.
DEVOPS-033	kubernetes	advanced	migrate	kind cluster with ingress-nginx	Move an API between namespaces with no downtime	Migrate a live API and its configuration to a new namespace while retaining its hostname and in-flight requests.	Continuous probes show no failed requests; old and new endpoints never serve conflicting versions; secrets are not copied unnecessarily; old resources are retired.
DEVOPS-034	kubernetes	intermediate	build	Kubernetes cluster with HPA	Autoscale on a workload signal	CPU is flat while queue age grows. Configure metrics and autoscaling that reacts to oldest-job age without oscillating at idle.	Replicas scale before the latency SLO is breached; drain back gradually; metrics failures do not collapse capacity; min max and stabilization are explicit.
DEVOPS-035	kubernetes	advanced	repair	Kubernetes cluster with CSI	Recover a stuck stateful volume attachment	A rescheduled database pod is blocked by a stale attachment after simulated node loss. Recover it without simultaneous mounts or deleting the volume.	Exactly one node mounts the volume; database checksums pass; stale attachment clears through supported APIs; recurrence has a documented safe runbook.
DEVOPS-036	kubernetes	advanced	build	Kubernetes cluster with Kyverno	Enforce workload security with exceptions	Apply restricted workload defaults while allowing a narrowly scoped legacy daemon exception that expires automatically.	Noncompliant new pods are denied with useful messages; compliant pods run; exception matches only named workload fields and expires; existing inventory is reported.
DEVOPS-037	kubernetes	intermediate	optimize	Kubernetes scheduler lab	Fix requests that strand capacity	Poor requests and topology constraints leave nodes half empty while replicas stay pending. Improve placement without violating zone redundancy.	All required replicas schedule; zone skew stays within one; peak node pressure stays safe under load; requests reflect measured usage; eviction rate does not rise.
DEVOPS-038	kubernetes	advanced	recover	Three-node kubeadm cluster	Recover an expired control-plane certificate	The API is unavailable after certificate expiry but etcd data is intact. Restore control plane access and establish monitored renewal.	Cluster objects and etcd revision are preserved; all control-plane components are healthy; kubeconfigs work; renewed certificates have intended lifetimes and alerts.
DEVOPS-039	kubernetes	advanced	migrate	Kubernetes API deprecation lab	Upgrade manifests across an API removal	A cluster upgrade is blocked by removed workload and policy APIs plus one custom webhook that rejects the new shape.	Stored and declared resources use supported APIs; semantic policy behavior is preserved; upgrade simulation passes; rollback artifacts and conversion evidence exist.
DEVOPS-040	kubernetes	expert	respond	Multi-zone Kubernetes cluster	Stabilize a cascading node-pressure incident	A zone loss triggers rescheduling then disk and connection pressure elsewhere. Restore the critical service while protecting quorum workloads and preventing repeated eviction.	Critical SLO recovers; quorum never falls below safety; eviction loop stops; lower priority work yields capacity; changes include clear rollback and incident timeline.
DEVOPS-041	iac-cloud	foundation	repair	OpenTofu with local cloud emulator	Import an unmanaged resource safely	A manually created object must enter state without replacement and then receive two policy tags.	Plan after import contains only intended in-place tag changes; object identity and data remain; second plan is empty; import address is documented.
DEVOPS-042	iac-cloud	intermediate	repair	Terraform module fixture	Remove unstable for_each addressing	A module indexes subnets by list position so inserting one subnet proposes widespread replacement. Migrate to stable keys without recreating existing resources.	State migration produces no replacement for existing subnets; the new subnet is additive; reorder is a no-op; outputs retain compatible types.
DEVOPS-043	iac-cloud	advanced	recover	OpenTofu remote-state emulator	Recover from a stale state lock	A killed pipeline left a lock while another operator may still be active. Determine ownership and recover safely without corrupting state.	Only a provably stale lock is removed; concurrent-live simulation is refused; state serial and lineage remain valid; plan converges; actions are recorded.
DEVOPS-044	iac-cloud	intermediate	build	Ansible and three Linux nodes	Create an idempotent rolling role	Build a role that updates a proxy one node at a time validates configuration and rolls back a bad template.	Second run reports no changes; at least two nodes stay healthy; invalid configuration never activates; rollback restores checksum; handlers run only when needed.
DEVOPS-045	iac-cloud	advanced	build	Packer and QEMU	Build and verify a hardened base image	Produce a reproducible VM image with CIS-inspired controls cloud-init and an auditable package manifest while retaining emergency console access.	Image boots in clean VM; controls and console tests pass; no machine identity or credential is baked in; manifest and source revision are embedded.
DEVOPS-046	iac-cloud	advanced	review	Terraform plan JSON	Block a risky infrastructure plan	Review a large plan containing a subtle database replacement public exposure and IAM wildcard among harmless churn. Implement policy checks.	Policy denies all three risks with resource-level messages; accepts provided safe plan; ignores order-only noise; supports an explicit time-bounded exception record.
DEVOPS-047	iac-cloud	intermediate	migrate	Terraform provider fixture	Upgrade a provider with schema changes	Move a pinned provider across a breaking major version that changes defaults and deprecates nested blocks without changing deployed behavior.	Lockfile pins checksums; state upgrades; plan is empty against existing infrastructure; apply on a fresh stack matches; compatibility notes identify intentional changes.
DEVOPS-048	iac-cloud	advanced	optimize	Synthetic cloud billing API and Terraform	Reduce idle cloud cost without hurting recovery	Inventory a staging estate with unattached storage oversized instances and snapshot retention requirements. Implement safe savings.	Monthly modeled cost falls by target; protected and recent recovery assets remain; utilization SLO passes; schedules are timezone-safe; every deletion candidate has evidence.
DEVOPS-049	iac-cloud	advanced	build	Crossplane control-plane lab	Publish a self-service database composite	Create a portable database claim with size classes encrypted storage connection secrets and deletion protection.	Valid claims become ready; invalid sizes fail early; secrets are namespace-scoped; composition updates do not replace instances; deletion policy retains production data.
DEVOPS-050	iac-cloud	expert	respond	Multi-account cloud API emulator	Revoke a compromised deployment role	A CI role token was exposed across three accounts. Contain access rotate trust and prove infrastructure reconciliation still works.	Old token and derived sessions lose access within objective; least-privilege replacement deploys; unrelated roles remain; audit query enumerates attempted use and changes.
DEVOPS-051	cicd	foundation	repair	GitHub Actions fixture	Fix cache poisoning across pull requests	An untrusted pull request can populate a dependency cache later restored by protected release jobs. Redesign cache scope and permissions.	Untrusted content cannot influence release artifacts; trusted cache hits still occur; fork jobs have read-only minimum permissions; attack fixture is rejected.
DEVOPS-052	cicd	intermediate	build	GitLab CI fixture	Build a selective monorepo pipeline	A monorepo rebuilds every service on every commit. Create dependency-aware jobs while ensuring shared-library changes fan out correctly.	Changed services and all reverse dependencies test; unrelated services skip; merge-base edge cases work; generated pipeline is deterministic; full scheduled build remains.
DEVOPS-053	cicd	advanced	repair	Jenkins pipeline sandbox	Make deployment retries safe	A pipeline retry after timeout can deploy twice and overwrite the recorded release. Make stages resumable and idempotent.	Repeated or resumed runs produce one deployment per version; locks are scoped; completed stages are not repeated unsafely; final record matches live digest.
DEVOPS-054	cicd	intermediate	build	Tekton Chains lab	Attach verifiable build provenance	A build produces an image but consumers cannot prove source workflow or builder identity. Add signed SLSA-style provenance.	Attestation binds source revision builder parameters and image digest; verification passes offline; altered artifact or provenance fails; signing secret is not exposed.
DEVOPS-055	cicd	advanced	build	Argo Rollouts cluster	Implement an automated canary release	Release a service through 5 25 and 50 percent stages using latency and error signals with automatic abort.	Healthy release promotes; injected regression aborts before broad exposure; stable ReplicaSet remains available; analysis handles missing metrics conservatively.
DEVOPS-056	cicd	foundation	repair	Make and shell build fixture	Eliminate a timestamp-only rebuild	A generated artifact changes every run due only to embedded wall-clock time and breaks reproducibility and caching.	Clean builds in separate paths have identical hashes; version metadata remains meaningful; incremental build skips unchanged work; dirty-source behavior is defined.
DEVOPS-057	cicd	advanced	migrate	Release repository with semantic versioning	Split a release train without breaking consumers	One library needs an emergency major release while the rest of the train stays compatible. Adjust versioning changelogs and publishing order.	Dependency constraints resolve for old and new consumers; tags and artifacts correspond; changelog identifies breaking change; rerunning publish cannot overwrite versions.
DEVOPS-058	cicd	intermediate	repair	Ephemeral CI runner image	Repair flaky integration test orchestration	Parallel tests collide on ports databases and cleanup causing nondeterministic failures. Isolate resources without serializing the suite.	Repeated stress runs pass; workers have unique resources; cleanup occurs on failure and cancellation; runtime remains within budget; failures retain diagnostics.
DEVOPS-059	cicd	advanced	recover	Artifact repository emulator	Reconstruct a deleted release artifact	A release blob was deleted but signed build outputs and checksums remain in isolated runners. Recover without inventing a new artifact under the old version.	Recovered bytes match signed digest; provenance verifies; metadata records recovery; any rebuild mismatch is refused; consumers can fetch through normal endpoint.
DEVOPS-060	cicd	expert	respond	Multi-region deployment controller	Halt and unwind a bad global release	A release is healthy in canary but corrupts region-specific data elsewhere. Stop propagation and roll back safely despite an incompatible schema step.	No additional regions promote; affected traffic uses compatible code and schema; data repair is idempotent; healthy regions remain; release state reflects reality.
DEVOPS-061	observability	foundation	repair	Prometheus fixture	Fix a cardinality explosion	A request metric labels every user and URL causing Prometheus memory growth. Preserve useful service and route visibility with bounded cardinality.	Series count remains below limit under randomized traffic; status method and normalized route queries work; user identity is absent; recording rules still evaluate.
DEVOPS-062	observability	intermediate	build	OpenTelemetry collector lab	Connect one request across signals	Instrument and route an API so a trace ID connects structured logs traces and an exemplar-bearing latency metric.	A synthetic request is discoverable in all three backends by trace ID; context crosses one async hop; sampling keeps errors; secrets and bodies are excluded.
DEVOPS-063	observability	intermediate	repair	Grafana and Prometheus	Correct a misleading availability dashboard	A dashboard averages per-instance ratios and reports green during a large-instance outage. Replace it with traffic-weighted queries and defined no-traffic behavior.	Panels match fixture ground truth; aggregate numerator and denominator correctly; no-traffic renders as specified; labels and units are consistent; hidden replica mix passes.
DEVOPS-064	observability	advanced	build	Prometheus Alertmanager lab	Create actionable multiwindow SLO alerts	Build fast-burn and slow-burn alerts for a 99.9 percent API SLO with maintenance inhibition and ownership routing.	Synthetic burn patterns page or ticket at intended windows; brief noise does not page; maintenance inhibits only scoped service; alerts link runbook and expose budget impact.
DEVOPS-065	observability	foundation	repair	Loki and Promtail fixture	Restore multiline exception ingestion	Stack traces are split into unrelated log entries and labels contain request IDs. Repair parsing and labeling without losing source timestamps.	Each exception is one ordered event; request ID is parsed data not a label; timestamps match source; malformed lines remain discoverable; cardinality stays bounded.
DEVOPS-066	observability	advanced	diagnose	Jaeger trace dataset	Find a tail-latency dependency	Median latency is flat but P99 doubled after a release. Use traces to identify a conditional fan-out and provide evidence rather than changing code.	Report identifies trigger span and downstream dependency; quantifies affected cohort and critical path; rules out supplied decoys; links reproducible queries.
DEVOPS-067	observability	intermediate	repair	Blackbox exporter and DNS lab	Make an external probe test the user path	A probe checks an origin IP over HTTP and stays green through DNS and certificate failures. Redesign it to cover the public HTTPS path.	Probe validates DNS TCP TLS hostname and expected content; failures identify phase; origin-only success cannot pass; probe credentials are protected.
DEVOPS-068	observability	advanced	respond	Synthetic incident telemetry stack	Triage an error-budget burn	Checkout errors spike amid simultaneous deploy database and network signals. Identify the cause mitigate it and maintain an incident timeline.	Error rate returns below threshold; mitigation addresses causal signal; unrelated rollback is avoided; timeline uses telemetry timestamps; follow-up query detects recurrence.
DEVOPS-069	observability	advanced	optimize	Thanos object-storage lab	Reduce metrics cost while preserving investigations	Long-term metrics storage exceeds budget due to raw high-frequency blocks. Configure compaction retention and downsampling for stated forensic queries.	Modeled storage falls by target; recent raw and long-range aggregate queries meet resolution contracts; deletion delay protects partial uploads; compactor is singleton.
DEVOPS-070	observability	expert	recover	Federated monitoring stack	Restore monitoring during a control-plane outage	Central monitoring and its identity provider are unavailable during an incident. Establish a bounded break-glass view without weakening normal authentication permanently.	On-call can access required read-only signals; access is time-limited audited and isolated; normal auth resumes automatically; no write or tenant-crossing capability is exposed.
DEVOPS-071	security	foundation	repair	Linux SSH server	Harden SSH without locking out automation	Remove password and root login while a deployment account still needs noninteractive access through a restricted key.	Approved key deploys required files; password root forwarding and unrelated commands fail; host key continuity holds; config validation precedes reload.
DEVOPS-072	security	intermediate	build	HashiCorp Vault dev cluster	Issue short-lived database credentials	Replace a shared static database password with per-job dynamic credentials and automatic revocation.	Jobs receive unique least-privilege credentials; TTL and renewal match duration; cancellation revokes promptly; root credential is not exposed; audit entries identify jobs.
DEVOPS-073	security	advanced	repair	SPIRE workload identity lab	Repair a broken identity rotation	Workloads fail mutual TLS after an intermediate rotation because one trust bundle and one clock are stale. Restore service safely.	All intended identities authenticate; stale or wrong-selector identities fail; bundles overlap through rotation; clock correction is bounded; no certificate lifetime is extended.
DEVOPS-074	security	intermediate	build	OPA Conftest fixture	Codify infrastructure guardrails	Implement policies requiring encryption ownership and private access while allowing documented development exceptions.	Unsafe fixtures fail with precise messages; safe fixtures pass; exceptions require owner expiry and scope; expired or wildcard exceptions fail closed.
DEVOPS-075	security	advanced	respond	Kubernetes and Falco lab	Contain cryptomining in a workload	A compromised pod launches a miner and probes the cluster API. Contain it preserve evidence and close the initial permissions gap.	Malicious traffic and process stop; image filesystem and audit evidence are hashed; service recovers from trusted digest; service account loses excess rights; replay is detected.
DEVOPS-076	security	foundation	review	Git repository history	Purge and rotate a leaked canary secret	A canary credential appears in current files and earlier commits. Remove exposure and produce a coordinated rotation plan without displaying its value.	Scanners find no credential in reachable history; old credential is revoked in emulator; replacement reaches intended consumer securely; commit mapping and collaborator action are documented.
DEVOPS-077	security	advanced	build	Sigstore and admission controller lab	Require deployable artifact attestations	Production requires signed images an SBOM vulnerability policy and a matching source repository attestation.	Compliant digest deploys; mutable tag signature wrong repository stale scan and high-severity fixture fail; verifier outage follows declared fail-safe policy.
DEVOPS-078	security	intermediate	repair	Linux with auditd	Restore useful privileged-action auditing	An overbroad audit configuration drops events under load and floods disk with harmless reads. Tune it for specified privileged changes.	All target actions are recorded with actor path and outcome under stress; irrelevant rate is bounded; loss counter stays zero; rules persist and are immutable after boot.
DEVOPS-079	security	advanced	migrate	Smallstep PKI lab	Rotate a root CA with constrained overlap	Move services to a new root across staggered clients while preventing newly issued certificates under the old hierarchy.	Connectivity holds through staged overlap; new issuance chains only to new root; old clients age out by deadline; final trust excludes old root; rollback boundary is explicit.
DEVOPS-080	security	expert	respond	Identity and proxy emulator	Investigate impossible-travel admin access	Two admin sessions appear continents apart amid proxy logs token records and clock skew. Decide whether compromise occurred and contain proportionately.	Conclusion reconciles trusted timestamps and proxy chain; compromised tokens are revoked if supported; unaffected access is preserved; evidence chain and detection improvement are recorded.
DEVOPS-081	data	foundation	recover	PostgreSQL instance	Restore an accidentally dropped table	A table was dropped after the last full backup while WAL archiving is healthy. Recover it to immediately before the drop without rewinding other tables.	Recovered table matches pre-drop checksum and row count; post-drop changes to other tables remain; recovery target is evidenced; production instance was not destructively rewound.
DEVOPS-082	data	intermediate	repair	PostgreSQL primary and replica	Fix replication lag caused by a slot	A replica falls behind while a logical slot also retains WAL until disk pressure rises. Restore headroom without losing the required subscriber position.	Replica catches up; disk stays below threshold; required slot continuity holds or is safely reestablished; alerts cover lag bytes time and retained WAL.
DEVOPS-083	data	advanced	migrate	PostgreSQL application lab	Perform a zero-downtime column migration	Replace a heavily used text identifier with UUID semantics across old and new application versions.	Mixed versions read and write throughout; backfill is resumable and bounded; constraints validate; final schema has one source of truth; rollback works before cutover.
DEVOPS-084	data	intermediate	optimize	MySQL with slow-query logs	Fix a query without hiding writes	A reporting query causes latency spikes. Add or alter indexing based on evidence without disabling durability or globally increasing resources.	P95 meets target on representative data; result set matches; write overhead stays below budget; chosen plan is stable; durability variables are unchanged.
DEVOPS-085	data	advanced	recover	Redis cluster lab	Recover from a partial failover	A network partition promoted a replica while an old primary accepted isolated writes. Reconcile service and account for divergent synthetic records.	One authoritative primary remains; acknowledged safe-side writes persist; divergent records are enumerated and handled per policy; clients refresh topology; recurrence test passes.
DEVOPS-086	data	intermediate	repair	Kafka cluster lab	Stop poison-message partition starvation	One malformed event causes a consumer to crash repeatedly and prevents later records in that partition. Add bounded retries and a dead-letter path.	Valid later events process in order allowed by contract; poison event retains payload metadata and reason safely; retries are bounded; replay tooling prevents duplicates.
DEVOPS-087	data	advanced	migrate	RabbitMQ cluster	Move mirrored queues to quorum queues	Migrate durable queues with publishers and consumers active while preserving confirms TTL dead-lettering and ordering constraints.	No acknowledged message is lost; duplicates stay within declared contract; policies match semantics; nodes may restart safely; old queues and policies are removed after validation.
DEVOPS-088	data	foundation	build	Restic and S3 emulator	Create encrypted verifiable backups	Back up application files and a consistent database dump with retention and unattended integrity checks.	Restore to an empty host reproduces checksums and database state; repository is encrypted; credentials are excluded from snapshots; retention and check jobs are idempotent.
DEVOPS-089	data	advanced	recover	S3-compatible versioned storage	Recover from simulated ransomware deletion	An attacker deleted current objects and planted encrypted replacements while versioning remained enabled. Restore the last clean point at scale.	Clean versions and metadata return; malicious and post-cutoff objects are handled per policy; operation is resumable; inventory proves counts and hashes; attacker token is revoked.
DEVOPS-090	data	expert	respond	Distributed database lab	Protect quorum during a regional partition	Latency and packet loss split a five-node database across regions while clients keep retrying. Preserve consistency and restore bounded availability.	No split-brain writes commit; quorum side serves within SLO; minority is fenced; client retries are bounded; rejoin converges without data loss; decision timeline is recorded.
DEVOPS-091	platform	foundation	build	Backstage catalog fixture	Onboard a service with ownership metadata	Add an existing service to the catalog with owner lifecycle dependencies docs and operational links that remain valid after repository moves.	Catalog validation passes; ownership resolves to a real group; dependency graph is correct; links use stable references; scorecard detects missing runbook fixture.
DEVOPS-092	platform	intermediate	build	GitOps repository and Argo CD	Create a promotion path without config drift	Promote one immutable artifact from development to staging to production while environments retain intentional differences.	Same digest advances by reviewed commits; overlays contain only declared differences; direct live mutation self-heals and alerts; rollback is a single auditable revert.
DEVOPS-093	platform	advanced	build	Kubernetes multi-tenant cluster	Provision a guarded team namespace	Offer self-service namespace creation with quota network isolation workload policy RBAC and cost labels.	A valid request converges completely; team admin cannot escape namespace or raise quota; cross-tenant traffic fails; platform controllers retain access; deletion handles finalizers.
DEVOPS-094	platform	intermediate	optimize	FinOps allocation dataset	Allocate shared platform cost fairly	Build a reproducible allocation for compute idle capacity observability and egress across teams with missing and late labels.	Every cost dollar is allocated or explicitly unallocated; rules are deterministic; totals reconcile; missing-label policy is visible; team output avoids cross-tenant detail.
DEVOPS-095	platform	advanced	migrate	Internal developer portal and API	Evolve a golden path without breaking adopters	A service template needs a new deployment model while dozens of generated repositories still use the old contract.	New projects use v2; old projects validate and upgrade through an automated path; generated diffs preserve local edits; version and deprecation telemetry are available.
DEVOPS-096	platform	intermediate	repair	Argo CD and Helm	Stop two reconcilers fighting	A Helm release operator and GitOps controller repeatedly overwrite the same fields. Establish one clear ownership model.	Reconciliation reaches stable zero diff; chosen owner applies intended change; rollback works; no global ignore masks unrelated drift; ownership is documented in code.
DEVOPS-097	platform	advanced	recover	Service mesh multi-cluster lab	Fail service traffic to another cluster	One cluster loses its data plane while global discovery remains stale. Shift only stateless traffic and preserve identity policy.	Eligible requests fail over within objective; stateful service stays fenced; mutual identity checks hold; stale endpoints receive no traffic; failback is gradual and observable.
DEVOPS-098	platform	foundation	review	Runbook repository	Turn a vague runbook into an executable one	A critical-service runbook says restart and check logs but omits access validation rollback and success criteria. Make it usable in a simulation.	A cold operator completes simulation within time; commands are safe and scoped; prerequisites decision points rollback and verification are explicit; links pass checks.
DEVOPS-099	platform	advanced	build	Ephemeral environment controller	Implement pull-request environments with budgets	Create preview environments that handle concurrent updates DNS TLS seeded data and automatic cleanup without exposing production secrets.	Each PR gets isolated reachable environment; updates converge; close and TTL delete all billable resources; quotas cap abuse; only synthetic scoped secrets are present.
DEVOPS-100	platform	expert	respond	Game-day environment across Kubernetes DNS and database	Recover a regional service under compound failure	A certificate expires during regional failover while database promotion automation stalls and DNS caches an unhealthy endpoint. Lead recovery under an explicit data-loss bound.	Service returns within objectives; committed data loss stays within bound; certificate identity and database role are correct; DNS converges safely; full timeline and follow-ups reconcile actions.
